referenceDate,json
20250518,"{""ts"":""2025-05-18T00:36:02.000831700Z"",""ss"":""OpenWeatherMapFeeder"",""city"":""MAD"",""dataCalculationTime"":1747440000,""standardTime"":""2025-05-17T00:00:00+00:00"",""temperature"":14.01,""percentageOfClouds"":2,""windSpeed"":1.34,""windDirection"":359,""precipitation"":0.0,""snowmeasurement"":0.0,""weatherDescription"":""clear sky""}"
20250518,"{""ts"":""2025-05-18T00:36:02.001834700Z"",""ss"":""OpenWeatherMapFeeder"",""city"":""MAD"",""dataCalculationTime"":1747443600,""standardTime"":""2025-05-17T01:00:00+00:00"",""temperature"":12.45,""percentageOfClouds"":0,""windSpeed"":1.34,""windDirection"":358,""precipitation"":0.0,""snowmeasurement"":0.0,""weatherDescription"":""clear sky""}"
20250518,"{""ts"":""2025-05-18T00:36:02.001834700Z"",""ss"":""OpenWeatherMapFeeder"",""city"":""MAD"",""dataCalculationTime"":1747447200,""standardTime"":""2025-05-17T02:00:00+00:00"",""temperature"":12.19,""percentageOfClouds"":0,""windSpeed"":1.34,""windDirection"":353,""precipitation"":0.0,""snowmeasurement"":0.0,""weatherDescription"":""clear sky""}"
20250518,"{""ts"":""2025-05-18T00:36:02.001834700Z"",""ss"":""OpenWeatherMapFeeder"",""city"":""MAD"",""dataCalculationTime"":1747450800,""standardTime"":""2025-05-17T03:00:00+00:00"",""temperature"":12.06,""percentageOfClouds"":0,""windSpeed"":2.24,""windDirection"":24,""precipitation"":0.0,""snowmeasurement"":0.0,""weatherDescription"":""clear sky""}"
20250518,"{""ts"":""2025-05-18T00:36:02.001834700Z"",""ss"":""OpenWeatherMapFeeder"",""city"":""MAD"",""dataCalculationTime"":1747454400,""standardTime"":""2025-05-17T04:00:00+00:00"",""temperature"":11.31,""percentageOfClouds"":0,""windSpeed"":1.79,""windDirection"":16,""precipitation"":0.0,""snowmeasurement"":0.0,""weatherDescription"":""clear sky""}"
20250518,"{""ts"":""2025-05-18T00:36:02.001834700Z"",""ss"":""OpenWeatherMapFeeder"",""city"":""MAD"",""dataCalculationTime"":1747458000,""standardTime"":""2025-05-17T05:00:00+00:00"",""temperature"":10.21,""percentageOfClouds"":0,""windSpeed"":0.89,""windDirection"":14,""precipitation"":0.0,""snowmeasurement"":0.0,""weatherDescription"":""clear sky""}"
20250518,"{""ts"":""2025-05-18T00:36:02.001834700Z"",""ss"":""OpenWeatherMapFeeder"",""city"":""MAD"",""dataCalculationTime"":1747461600,""standardTime"":""2025-05-17T06:00:00+00:00"",""temperature"":11.52,""percentageOfClouds"":1,""windSpeed"":1.34,""windDirection"":12,""precipitation"":0.0,""snowmeasurement"":0.0,""weatherDescription"":""clear sky""}"
20250518,"{""ts"":""2025-05-18T00:36:02.001834700Z"",""ss"":""OpenWeatherMapFeeder"",""city"":""MAD"",""dataCalculationTime"":1747465200,""standardTime"":""2025-05-17T07:00:00+00:00"",""temperature"":14.0,""percentageOfClouds"":96,""windSpeed"":0.89,""windDirection"":69,""precipitation"":0.0,""snowmeasurement"":0.0,""weatherDescription"":""overcast clouds""}"
20250518,"{""ts"":""2025-05-18T00:36:02.001834700Z"",""ss"":""OpenWeatherMapFeeder"",""city"":""MAD"",""dataCalculationTime"":1747468800,""standardTime"":""2025-05-17T08:00:00+00:00"",""temperature"":16.1,""percentageOfClouds"":94,""windSpeed"":0.89,""windDirection"":142,""precipitation"":0.0,""snowmeasurement"":0.0,""weatherDescription"":""overcast clouds""}"
20250518,"{""ts"":""2025-05-18T00:36:02.001834700Z"",""ss"":""OpenWeatherMapFeeder"",""city"":""MAD"",""dataCalculationTime"":1747472400,""standardTime"":""2025-05-17T09:00:00+00:00"",""temperature"":17.7,""percentageOfClouds"":87,""windSpeed"":1.34,""windDirection"":200,""precipitation"":0.0,""snowmeasurement"":0.0,""weatherDescription"":""overcast clouds""}"
20250518,"{""ts"":""2025-05-18T00:36:02.001834700Z"",""ss"":""OpenWeatherMapFeeder"",""city"":""MAD"",""dataCalculationTime"":1747476000,""standardTime"":""2025-05-17T10:00:00+00:00"",""temperature"":19.75,""percentageOfClouds"":80,""windSpeed"":0.45,""windDirection"":141,""precipitation"":0.0,""snowmeasurement"":0.0,""weatherDescription"":""broken clouds""}"
20250518,"{""ts"":""2025-05-18T00:36:02.001834700Z"",""ss"":""OpenWeatherMapFeeder"",""city"":""MAD"",""dataCalculationTime"":1747479600,""standardTime"":""2025-05-17T11:00:00+00:00"",""temperature"":21.35,""percentageOfClouds"":83,""windSpeed"":2.24,""windDirection"":202,""precipitation"":0.0,""snowmeasurement"":0.0,""weatherDescription"":""broken clouds""}"
20250518,"{""ts"":""2025-05-18T00:36:02.001834700Z"",""ss"":""OpenWeatherMapFeeder"",""city"":""MAD"",""dataCalculationTime"":1747483200,""standardTime"":""2025-05-17T12:00:00+00:00"",""temperature"":22.15,""percentageOfClouds"":86,""windSpeed"":0.89,""windDirection"":291,""precipitation"":0.0,""snowmeasurement"":0.0,""weatherDescription"":""overcast clouds""}"
20250518,"{""ts"":""2025-05-18T00:36:02.001834700Z"",""ss"":""OpenWeatherMapFeeder"",""city"":""MAD"",""dataCalculationTime"":1747486800,""standardTime"":""2025-05-17T13:00:00+00:00"",""temperature"":22.82,""percentageOfClouds"":100,""windSpeed"":1.79,""windDirection"":214,""precipitation"":0.0,""snowmeasurement"":0.0,""weatherDescription"":""overcast clouds""}"
20250518,"{""ts"":""2025-05-18T00:36:02.001834700Z"",""ss"":""OpenWeatherMapFeeder"",""city"":""MAD"",""dataCalculationTime"":1747490400,""standardTime"":""2025-05-17T14:00:00+00:00"",""temperature"":23.18,""percentageOfClouds"":100,""windSpeed"":1.34,""windDirection"":181,""precipitation"":0.0,""snowmeasurement"":0.0,""weatherDescription"":""overcast clouds""}"
20250518,"{""ts"":""2025-05-18T00:36:02.001834700Z"",""ss"":""OpenWeatherMapFeeder"",""city"":""MAD"",""dataCalculationTime"":1747494000,""standardTime"":""2025-05-17T15:00:00+00:00"",""temperature"":24.02,""percentageOfClouds"":100,""windSpeed"":0.89,""windDirection"":211,""precipitation"":0.0,""snowmeasurement"":0.0,""weatherDescription"":""overcast clouds""}"
20250518,"{""ts"":""2025-05-18T00:36:02.001834700Z"",""ss"":""OpenWeatherMapFeeder"",""city"":""MAD"",""dataCalculationTime"":1747497600,""standardTime"":""2025-05-17T16:00:00+00:00"",""temperature"":24.1,""percentageOfClouds"":100,""windSpeed"":3.58,""windDirection"":192,""precipitation"":0.0,""snowmeasurement"":0.0,""weatherDescription"":""overcast clouds""}"
20250518,"{""ts"":""2025-05-18T00:36:02.001834700Z"",""ss"":""OpenWeatherMapFeeder"",""city"":""MAD"",""dataCalculationTime"":1747501200,""standardTime"":""2025-05-17T17:00:00+00:00"",""temperature"":23.9,""percentageOfClouds"":100,""windSpeed"":1.79,""windDirection"":228,""precipitation"":0.0,""snowmeasurement"":0.0,""weatherDescription"":""overcast clouds""}"
20250518,"{""ts"":""2025-05-18T00:36:02.001834700Z"",""ss"":""OpenWeatherMapFeeder"",""city"":""MAD"",""dataCalculationTime"":1747504800,""standardTime"":""2025-05-17T18:00:00+00:00"",""temperature"":23.09,""percentageOfClouds"":99,""windSpeed"":1.34,""windDirection"":196,""precipitation"":0.0,""snowmeasurement"":0.0,""weatherDescription"":""overcast clouds""}"
20250518,"{""ts"":""2025-05-18T00:36:02.001834700Z"",""ss"":""OpenWeatherMapFeeder"",""city"":""MAD"",""dataCalculationTime"":1747508400,""standardTime"":""2025-05-17T19:00:00+00:00"",""temperature"":22.22,""percentageOfClouds"":63,""windSpeed"":1.68,""windDirection"":184,""precipitation"":0.0,""snowmeasurement"":0.0,""weatherDescription"":""broken clouds""}"
20250518,"{""ts"":""2025-05-18T00:36:02.001834700Z"",""ss"":""OpenWeatherMapFeeder"",""city"":""MAD"",""dataCalculationTime"":1747512000,""standardTime"":""2025-05-17T20:00:00+00:00"",""temperature"":20.38,""percentageOfClouds"":34,""windSpeed"":0.45,""windDirection"":183,""precipitation"":0.0,""snowmeasurement"":0.0,""weatherDescription"":""scattered clouds""}"
20250518,"{""ts"":""2025-05-18T00:36:02.001834700Z"",""ss"":""OpenWeatherMapFeeder"",""city"":""MAD"",""dataCalculationTime"":1747515600,""standardTime"":""2025-05-17T21:00:00+00:00"",""temperature"":18.22,""percentageOfClouds"":28,""windSpeed"":0.89,""windDirection"":24,""precipitation"":0.0,""snowmeasurement"":0.0,""weatherDescription"":""scattered clouds""}"
20250518,"{""ts"":""2025-05-18T00:36:02.001834700Z"",""ss"":""OpenWeatherMapFeeder"",""city"":""MAD"",""dataCalculationTime"":1747519200,""standardTime"":""2025-05-17T22:00:00+00:00"",""temperature"":16.64,""percentageOfClouds"":23,""windSpeed"":1.34,""windDirection"":24,""precipitation"":0.0,""snowmeasurement"":0.0,""weatherDescription"":""few clouds""}"
20250518,"{""ts"":""2025-05-18T00:36:02.001834700Z"",""ss"":""OpenWeatherMapFeeder"",""city"":""MAD"",""dataCalculationTime"":1747522800,""standardTime"":""2025-05-17T23:00:00+00:00"",""temperature"":16.16,""percentageOfClouds"":28,""windSpeed"":1.34,""windDirection"":25,""precipitation"":0.0,""snowmeasurement"":0.0,""weatherDescription"":""scattered clouds""}"
20250518,"{""ts"":""2025-05-18T00:36:02.606685900Z"",""ss"":""OpenWeatherMapFeeder"",""city"":""AMS"",""dataCalculationTime"":1747440000,""standardTime"":""2025-05-17T00:00:00+00:00"",""temperature"":10.0,""percentageOfClouds"":3,""windSpeed"":2.24,""windDirection"":340,""precipitation"":0.0,""snowmeasurement"":0.0,""weatherDescription"":""clear sky""}"
20250518,"{""ts"":""2025-05-18T00:36:02.606685900Z"",""ss"":""OpenWeatherMapFeeder"",""city"":""AMS"",""dataCalculationTime"":1747443600,""standardTime"":""2025-05-17T01:00:00+00:00"",""temperature"":9.85,""percentageOfClouds"":0,""windSpeed"":1.79,""windDirection"":284,""precipitation"":0.0,""snowmeasurement"":0.0,""weatherDescription"":""clear sky""}"
20250518,"{""ts"":""2025-05-18T00:36:02.606685900Z"",""ss"":""OpenWeatherMapFeeder"",""city"":""AMS"",""dataCalculationTime"":1747447200,""standardTime"":""2025-05-17T02:00:00+00:00"",""temperature"":9.81,""percentageOfClouds"":0,""windSpeed"":1.79,""windDirection"":10,""precipitation"":0.0,""snowmeasurement"":0.0,""weatherDescription"":""clear sky""}"
20250518,"{""ts"":""2025-05-18T00:36:02.606685900Z"",""ss"":""OpenWeatherMapFeeder"",""city"":""AMS"",""dataCalculationTime"":1747450800,""standardTime"":""2025-05-17T03:00:00+00:00"",""temperature"":9.5,""percentageOfClouds"":0,""windSpeed"":1.79,""windDirection"":360,""precipitation"":0.0,""snowmeasurement"":0.0,""weatherDescription"":""clear sky""}"
20250518,"{""ts"":""2025-05-18T00:36:02.606685900Z"",""ss"":""OpenWeatherMapFeeder"",""city"":""AMS"",""dataCalculationTime"":1747454400,""standardTime"":""2025-05-17T04:00:00+00:00"",""temperature"":9.68,""percentageOfClouds"":0,""windSpeed"":1.79,""windDirection"":350,""precipitation"":0.0,""snowmeasurement"":0.0,""weatherDescription"":""clear sky""}"
20250518,"{""ts"":""2025-05-18T00:36:02.606685900Z"",""ss"":""OpenWeatherMapFeeder"",""city"":""AMS"",""dataCalculationTime"":1747458000,""standardTime"":""2025-05-17T05:00:00+00:00"",""temperature"":10.57,""percentageOfClouds"":0,""windSpeed"":1.34,""windDirection"":284,""precipitation"":0.0,""snowmeasurement"":0.0,""weatherDescription"":""clear sky""}"
20250518,"{""ts"":""2025-05-18T00:36:02.606685900Z"",""ss"":""OpenWeatherMapFeeder"",""city"":""AMS"",""dataCalculationTime"":1747461600,""standardTime"":""2025-05-17T06:00:00+00:00"",""temperature"":11.94,""percentageOfClouds"":0,""windSpeed"":2.68,""windDirection"":10,""precipitation"":0.0,""snowmeasurement"":0.0,""weatherDescription"":""clear sky""}"
20250518,"{""ts"":""2025-05-18T00:36:02.606685900Z"",""ss"":""OpenWeatherMapFeeder"",""city"":""AMS"",""dataCalculationTime"":1747465200,""standardTime"":""2025-05-17T07:00:00+00:00"",""temperature"":13.07,""percentageOfClouds"":0,""windSpeed"":1.34,""windDirection"":38,""precipitation"":0.0,""snowmeasurement"":0.0,""weatherDescription"":""clear sky""}"
20250518,"{""ts"":""2025-05-18T00:36:02.606685900Z"",""ss"":""OpenWeatherMapFeeder"",""city"":""AMS"",""dataCalculationTime"":1747468800,""standardTime"":""2025-05-17T08:00:00+00:00"",""temperature"":14.79,""percentageOfClouds"":0,""windSpeed"":1.34,""windDirection"":272,""precipitation"":0.0,""snowmeasurement"":0.0,""weatherDescription"":""clear sky""}"
20250518,"{""ts"":""2025-05-18T00:36:02.606685900Z"",""ss"":""OpenWeatherMapFeeder"",""city"":""AMS"",""dataCalculationTime"":1747472400,""standardTime"":""2025-05-17T09:00:00+00:00"",""temperature"":15.78,""percentageOfClouds"":0,""windSpeed"":4.47,""windDirection"":10,""precipitation"":0.0,""snowmeasurement"":0.0,""weatherDescription"":""clear sky""}"
20250518,"{""ts"":""2025-05-18T00:36:02.606685900Z"",""ss"":""OpenWeatherMapFeeder"",""city"":""AMS"",""dataCalculationTime"":1747476000,""standardTime"":""2025-05-17T10:00:00+00:00"",""temperature"":16.66,""percentageOfClouds"":0,""windSpeed"":4.47,""windDirection"":340,""precipitation"":0.0,""snowmeasurement"":0.0,""weatherDescription"":""clear sky""}"
20250518,"{""ts"":""2025-05-18T00:36:02.606685900Z"",""ss"":""OpenWeatherMapFeeder"",""city"":""AMS"",""dataCalculationTime"":1747479600,""standardTime"":""2025-05-17T11:00:00+00:00"",""temperature"":17.1,""percentageOfClouds"":0,""windSpeed"":4.92,""windDirection"":340,""precipitation"":0.0,""snowmeasurement"":0.0,""weatherDescription"":""clear sky""}"
20250518,"{""ts"":""2025-05-18T00:36:02.606685900Z"",""ss"":""OpenWeatherMapFeeder"",""city"":""AMS"",""dataCalculationTime"":1747483200,""standardTime"":""2025-05-17T12:00:00+00:00"",""temperature"":17.12,""percentageOfClouds"":0,""windSpeed"":6.71,""windDirection"":330,""precipitation"":0.0,""snowmeasurement"":0.0,""weatherDescription"":""clear sky""}"
20250518,"{""ts"":""2025-05-18T00:36:02.606685900Z"",""ss"":""OpenWeatherMapFeeder"",""city"":""AMS"",""dataCalculationTime"":1747486800,""standardTime"":""2025-05-17T13:00:00+00:00"",""temperature"":16.71,""percentageOfClouds"":0,""windSpeed"":6.71,""windDirection"":320,""precipitation"":0.0,""snowmeasurement"":0.0,""weatherDescription"":""clear sky""}"
20250518,"{""ts"":""2025-05-18T00:36:02.606685900Z"",""ss"":""OpenWeatherMapFeeder"",""city"":""AMS"",""dataCalculationTime"":1747490400,""standardTime"":""2025-05-17T14:00:00+00:00"",""temperature"":15.94,""percentageOfClouds"":0,""windSpeed"":6.71,""windDirection"":320,""precipitation"":0.0,""snowmeasurement"":0.0,""weatherDescription"":""clear sky""}"
20250518,"{""ts"":""2025-05-18T00:36:02.606685900Z"",""ss"":""OpenWeatherMapFeeder"",""city"":""AMS"",""dataCalculationTime"":1747494000,""standardTime"":""2025-05-17T15:00:00+00:00"",""temperature"":15.26,""percentageOfClouds"":2,""windSpeed"":7.15,""windDirection"":320,""precipitation"":0.0,""snowmeasurement"":0.0,""weatherDescription"":""clear sky""}"
20250518,"{""ts"":""2025-05-18T00:36:02.606685900Z"",""ss"":""OpenWeatherMapFeeder"",""city"":""AMS"",""dataCalculationTime"":1747497600,""standardTime"":""2025-05-17T16:00:00+00:00"",""temperature"":13.74,""percentageOfClouds"":3,""windSpeed"":7.15,""windDirection"":320,""precipitation"":0.0,""snowmeasurement"":0.0,""weatherDescription"":""clear sky""}"
20250518,"{""ts"":""2025-05-18T00:36:02.606685900Z"",""ss"":""OpenWeatherMapFeeder"",""city"":""AMS"",""dataCalculationTime"":1747501200,""standardTime"":""2025-05-17T17:00:00+00:00"",""temperature"":12.77,""percentageOfClouds"":4,""windSpeed"":6.71,""windDirection"":320,""precipitation"":0.0,""snowmeasurement"":0.0,""weatherDescription"":""clear sky""}"
20250518,"{""ts"":""2025-05-18T00:36:02.606685900Z"",""ss"":""OpenWeatherMapFeeder"",""city"":""AMS"",""dataCalculationTime"":1747504800,""standardTime"":""2025-05-17T18:00:00+00:00"",""temperature"":12.02,""percentageOfClouds"":5,""windSpeed"":5.81,""windDirection"":320,""precipitation"":0.0,""snowmeasurement"":0.0,""weatherDescription"":""clear sky""}"
20250518,"{""ts"":""2025-05-18T00:36:02.606685900Z"",""ss"":""OpenWeatherMapFeeder"",""city"":""AMS"",""dataCalculationTime"":1747508400,""standardTime"":""2025-05-17T19:00:00+00:00"",""temperature"":12.1,""percentageOfClouds"":44,""windSpeed"":1.34,""windDirection"":329,""precipitation"":0.0,""snowmeasurement"":0.0,""weatherDescription"":""scattered clouds""}"
20250518,"{""ts"":""2025-05-18T00:36:02.606685900Z"",""ss"":""OpenWeatherMapFeeder"",""city"":""AMS"",""dataCalculationTime"":1747512000,""standardTime"":""2025-05-17T20:00:00+00:00"",""temperature"":12.23,""percentageOfClouds"":76,""windSpeed"":4.47,""windDirection"":310,""precipitation"":0.0,""snowmeasurement"":0.0,""weatherDescription"":""broken clouds""}"
20250518,"{""ts"":""2025-05-18T00:36:02.607685300Z"",""ss"":""OpenWeatherMapFeeder"",""city"":""AMS"",""dataCalculationTime"":1747515600,""standardTime"":""2025-05-17T21:00:00+00:00"",""temperature"":12.09,""percentageOfClouds"":83,""windSpeed"":4.47,""windDirection"":320,""precipitation"":0.0,""snowmeasurement"":0.0,""weatherDescription"":""broken clouds""}"
20250518,"{""ts"":""2025-05-18T00:36:02.607685300Z"",""ss"":""OpenWeatherMapFeeder"",""city"":""AMS"",""dataCalculationTime"":1747519200,""standardTime"":""2025-05-17T22:00:00+00:00"",""temperature"":11.97,""percentageOfClouds"":87,""windSpeed"":1.79,""windDirection"":309,""precipitation"":0.0,""snowmeasurement"":0.0,""weatherDescription"":""overcast clouds""}"
20250518,"{""ts"":""2025-05-18T00:36:02.607685300Z"",""ss"":""OpenWeatherMapFeeder"",""city"":""AMS"",""dataCalculationTime"":1747522800,""standardTime"":""2025-05-17T23:00:00+00:00"",""temperature"":11.68,""percentageOfClouds"":90,""windSpeed"":4.92,""windDirection"":330,""precipitation"":0.0,""snowmeasurement"":0.0,""weatherDescription"":""overcast clouds""}"
20250518,"{""ts"":""2025-05-18T00:36:03.010904700Z"",""ss"":""OpenWeatherMapFeeder"",""city"":""JFK"",""dataCalculationTime"":1747440000,""standardTime"":""2025-05-17T00:00:00+00:00"",""temperature"":17.61,""percentageOfClouds"":83,""windSpeed"":2.68,""windDirection"":140,""precipitation"":0.0,""snowmeasurement"":0.0,""weatherDescription"":""broken clouds""}"
20250518,"{""ts"":""2025-05-18T00:36:03.010904700Z"",""ss"":""OpenWeatherMapFeeder"",""city"":""JFK"",""dataCalculationTime"":1747443600,""standardTime"":""2025-05-17T01:00:00+00:00"",""temperature"":16.69,""percentageOfClouds"":100,""windSpeed"":4.47,""windDirection"":160,""precipitation"":0.0,""snowmeasurement"":0.0,""weatherDescription"":""overcast clouds""}"
20250518,"{""ts"":""2025-05-18T00:36:03.010904700Z"",""ss"":""OpenWeatherMapFeeder"",""city"":""JFK"",""dataCalculationTime"":1747447200,""standardTime"":""2025-05-17T02:00:00+00:00"",""temperature"":16.46,""percentageOfClouds"":100,""windSpeed"":2.68,""windDirection"":140,""precipitation"":0.0,""snowmeasurement"":0.0,""weatherDescription"":""overcast clouds""}"
20250518,"{""ts"":""2025-05-18T00:36:03.010904700Z"",""ss"":""OpenWeatherMapFeeder"",""city"":""JFK"",""dataCalculationTime"":1747450800,""standardTime"":""2025-05-17T03:00:00+00:00"",""temperature"":16.57,""percentageOfClouds"":100,""windSpeed"":2.24,""windDirection"":140,""precipitation"":0.0,""snowmeasurement"":0.0,""weatherDescription"":""overcast clouds""}"
20250518,"{""ts"":""2025-05-18T00:36:03.010904700Z"",""ss"":""OpenWeatherMapFeeder"",""city"":""JFK"",""dataCalculationTime"":1747454400,""standardTime"":""2025-05-17T04:00:00+00:00"",""temperature"":16.65,""percentageOfClouds"":100,""windSpeed"":1.79,""windDirection"":120,""precipitation"":0.0,""snowmeasurement"":0.0,""weatherDescription"":""overcast clouds""}"
20250518,"{""ts"":""2025-05-18T00:36:03.010904700Z"",""ss"":""OpenWeatherMapFeeder"",""city"":""JFK"",""dataCalculationTime"":1747458000,""standardTime"":""2025-05-17T05:00:00+00:00"",""temperature"":16.54,""percentageOfClouds"":100,""windSpeed"":1.79,""windDirection"":100,""precipitation"":0.0,""snowmeasurement"":0.0,""weatherDescription"":""overcast clouds""}"
20250518,"{""ts"":""2025-05-18T00:36:03.010904700Z"",""ss"":""OpenWeatherMapFeeder"",""city"":""JFK"",""dataCalculationTime"":1747461600,""standardTime"":""2025-05-17T06:00:00+00:00"",""temperature"":16.53,""percentageOfClouds"":98,""windSpeed"":1.79,""windDirection"":140,""precipitation"":0.0,""snowmeasurement"":0.0,""weatherDescription"":""overcast clouds""}"
20250518,"{""ts"":""2025-05-18T00:36:03.010904700Z"",""ss"":""OpenWeatherMapFeeder"",""city"":""JFK"",""dataCalculationTime"":1747465200,""standardTime"":""2025-05-17T07:00:00+00:00"",""temperature"":16.68,""percentageOfClouds"":100,""windSpeed"":0.89,""windDirection"":168,""precipitation"":0.0,""snowmeasurement"":0.0,""weatherDescription"":""overcast clouds""}"
20250518,"{""ts"":""2025-05-18T00:36:03.010904700Z"",""ss"":""OpenWeatherMapFeeder"",""city"":""JFK"",""dataCalculationTime"":1747468800,""standardTime"":""2025-05-17T08:00:00+00:00"",""temperature"":16.95,""percentageOfClouds"":100,""windSpeed"":1.34,""windDirection"":150,""precipitation"":0.0,""snowmeasurement"":0.0,""weatherDescription"":""overcast clouds""}"
20250518,"{""ts"":""2025-05-18T00:36:03.010904700Z"",""ss"":""OpenWeatherMapFeeder"",""city"":""JFK"",""dataCalculationTime"":1747472400,""standardTime"":""2025-05-17T09:00:00+00:00"",""temperature"":17.26,""percentageOfClouds"":100,""windSpeed"":1.79,""windDirection"":170,""precipitation"":0.0,""snowmeasurement"":0.0,""weatherDescription"":""overcast clouds""}"
20250518,"{""ts"":""2025-05-18T00:36:03.010904700Z"",""ss"":""OpenWeatherMapFeeder"",""city"":""JFK"",""dataCalculationTime"":1747476000,""standardTime"":""2025-05-17T10:00:00+00:00"",""temperature"":16.97,""percentageOfClouds"":100,""windSpeed"":1.79,""windDirection"":140,""precipitation"":0.0,""snowmeasurement"":0.0,""weatherDescription"":""overcast clouds""}"
20250518,"{""ts"":""2025-05-18T00:36:03.010904700Z"",""ss"":""OpenWeatherMapFeeder"",""city"":""JFK"",""dataCalculationTime"":1747479600,""standardTime"":""2025-05-17T11:00:00+00:00"",""temperature"":17.6,""percentageOfClouds"":100,""windSpeed"":1.79,""windDirection"":180,""precipitation"":0.0,""snowmeasurement"":0.0,""weatherDescription"":""overcast clouds""}"
20250518,"{""ts"":""2025-05-18T00:36:03.010904700Z"",""ss"":""OpenWeatherMapFeeder"",""city"":""JFK"",""dataCalculationTime"":1747483200,""standardTime"":""2025-05-17T12:00:00+00:00"",""temperature"":18.61,""percentageOfClouds"":100,""windSpeed"":4.47,""windDirection"":190,""precipitation"":0.0,""snowmeasurement"":0.0,""weatherDescription"":""overcast clouds""}"
20250518,"{""ts"":""2025-05-18T00:36:03.010904700Z"",""ss"":""OpenWeatherMapFeeder"",""city"":""JFK"",""dataCalculationTime"":1747486800,""standardTime"":""2025-05-17T13:00:00+00:00"",""temperature"":20.17,""percentageOfClouds"":100,""windSpeed"":5.36,""windDirection"":200,""precipitation"":0.0,""snowmeasurement"":0.0,""weatherDescription"":""overcast clouds""}"
20250518,"{""ts"":""2025-05-18T00:36:03.010904700Z"",""ss"":""OpenWeatherMapFeeder"",""city"":""JFK"",""dataCalculationTime"":1747490400,""standardTime"":""2025-05-17T14:00:00+00:00"",""temperature"":20.44,""percentageOfClouds"":100,""windSpeed"":5.36,""windDirection"":190,""precipitation"":0.0,""snowmeasurement"":0.0,""weatherDescription"":""overcast clouds""}"
20250518,"{""ts"":""2025-05-18T00:36:03.010904700Z"",""ss"":""OpenWeatherMapFeeder"",""city"":""JFK"",""dataCalculationTime"":1747494000,""standardTime"":""2025-05-17T15:00:00+00:00"",""temperature"":19.47,""percentageOfClouds"":100,""windSpeed"":5.81,""windDirection"":190,""precipitation"":0.16,""snowmeasurement"":0.0,""weatherDescription"":""light rain""}"
20250518,"{""ts"":""2025-05-18T00:36:03.010904700Z"",""ss"":""OpenWeatherMapFeeder"",""city"":""JFK"",""dataCalculationTime"":1747497600,""standardTime"":""2025-05-17T16:00:00+00:00"",""temperature"":21.03,""percentageOfClouds"":100,""windSpeed"":6.71,""windDirection"":180,""precipitation"":0.0,""snowmeasurement"":0.0,""weatherDescription"":""overcast clouds""}"
20250518,"{""ts"":""2025-05-18T00:36:03.010904700Z"",""ss"":""OpenWeatherMapFeeder"",""city"":""JFK"",""dataCalculationTime"":1747501200,""standardTime"":""2025-05-17T17:00:00+00:00"",""temperature"":23.16,""percentageOfClouds"":100,""windSpeed"":4.47,""windDirection"":180,""precipitation"":0.0,""snowmeasurement"":0.0,""weatherDescription"":""overcast clouds""}"
20250518,"{""ts"":""2025-05-18T00:36:03.010904700Z"",""ss"":""OpenWeatherMapFeeder"",""city"":""JFK"",""dataCalculationTime"":1747504800,""standardTime"":""2025-05-17T18:00:00+00:00"",""temperature"":22.63,""percentageOfClouds"":85,""windSpeed"":5.36,""windDirection"":170,""precipitation"":0.0,""snowmeasurement"":0.0,""weatherDescription"":""overcast clouds""}"
20250518,"{""ts"":""2025-05-18T00:36:03.010904700Z"",""ss"":""OpenWeatherMapFeeder"",""city"":""JFK"",""dataCalculationTime"":1747508400,""standardTime"":""2025-05-17T19:00:00+00:00"",""temperature"":22.55,""percentageOfClouds"":19,""windSpeed"":5.81,""windDirection"":180,""precipitation"":0.0,""snowmeasurement"":0.0,""weatherDescription"":""few clouds""}"
20250518,"{""ts"":""2025-05-18T00:36:03.010904700Z"",""ss"":""OpenWeatherMapFeeder"",""city"":""JFK"",""dataCalculationTime"":1747512000,""standardTime"":""2025-05-17T20:00:00+00:00"",""temperature"":23.09,""percentageOfClouds"":22,""windSpeed"":5.81,""windDirection"":190,""precipitation"":0.0,""snowmeasurement"":0.0,""weatherDescription"":""few clouds""}"
20250518,"{""ts"":""2025-05-18T00:36:03.010904700Z"",""ss"":""OpenWeatherMapFeeder"",""city"":""JFK"",""dataCalculationTime"":1747515600,""standardTime"":""2025-05-17T21:00:00+00:00"",""temperature"":25.21,""percentageOfClouds"":25,""windSpeed"":3.13,""windDirection"":187,""precipitation"":0.0,""snowmeasurement"":0.0,""weatherDescription"":""scattered clouds""}"
20250518,"{""ts"":""2025-05-18T00:36:03.010904700Z"",""ss"":""OpenWeatherMapFeeder"",""city"":""JFK"",""dataCalculationTime"":1747519200,""standardTime"":""2025-05-17T22:00:00+00:00"",""temperature"":26.94,""percentageOfClouds"":21,""windSpeed"":7.09,""windDirection"":244,""precipitation"":0.0,""snowmeasurement"":0.0,""weatherDescription"":""few clouds""}"
20250518,"{""ts"":""2025-05-18T00:36:03.010904700Z"",""ss"":""OpenWeatherMapFeeder"",""city"":""JFK"",""dataCalculationTime"":1747522800,""standardTime"":""2025-05-17T23:00:00+00:00"",""temperature"":26.86,""percentageOfClouds"":21,""windSpeed"":7.6,""windDirection"":250,""precipitation"":0.0,""snowmeasurement"":0.0,""weatherDescription"":""few clouds""}"
20250518,"{""ts"":""2025-05-18T00:36:03.394288200Z"",""ss"":""OpenWeatherMapFeeder"",""city"":""ZRH"",""dataCalculationTime"":1747440000,""standardTime"":""2025-05-17T00:00:00+00:00"",""temperature"":9.58,""percentageOfClouds"":95,""windSpeed"":0.46,""windDirection"":175,""precipitation"":0.0,""snowmeasurement"":0.0,""weatherDescription"":""overcast clouds""}"
20250518,"{""ts"":""2025-05-18T00:36:03.394288200Z"",""ss"":""OpenWeatherMapFeeder"",""city"":""ZRH"",""dataCalculationTime"":1747443600,""standardTime"":""2025-05-17T01:00:00+00:00"",""temperature"":7.94,""percentageOfClouds"":100,""windSpeed"":0.42,""windDirection"":111,""precipitation"":0.0,""snowmeasurement"":0.0,""weatherDescription"":""overcast clouds""}"
20250518,"{""ts"":""2025-05-18T00:36:03.394288200Z"",""ss"":""OpenWeatherMapFeeder"",""city"":""ZRH"",""dataCalculationTime"":1747447200,""standardTime"":""2025-05-17T02:00:00+00:00"",""temperature"":7.95,""percentageOfClouds"":94,""windSpeed"":0.34,""windDirection"":66,""precipitation"":0.0,""snowmeasurement"":0.0,""weatherDescription"":""overcast clouds""}"
20250518,"{""ts"":""2025-05-18T00:36:03.394288200Z"",""ss"":""OpenWeatherMapFeeder"",""city"":""ZRH"",""dataCalculationTime"":1747450800,""standardTime"":""2025-05-17T03:00:00+00:00"",""temperature"":8.67,""percentageOfClouds"":74,""windSpeed"":0.52,""windDirection"":66,""precipitation"":0.0,""snowmeasurement"":0.0,""weatherDescription"":""broken clouds""}"
20250518,"{""ts"":""2025-05-18T00:36:03.394288200Z"",""ss"":""OpenWeatherMapFeeder"",""city"":""ZRH"",""dataCalculationTime"":1747454400,""standardTime"":""2025-05-17T04:00:00+00:00"",""temperature"":8.27,""percentageOfClouds"":57,""windSpeed"":0.72,""windDirection"":106,""precipitation"":0.0,""snowmeasurement"":0.0,""weatherDescription"":""broken clouds""}"
20250518,"{""ts"":""2025-05-18T00:36:03.394288200Z"",""ss"":""OpenWeatherMapFeeder"",""city"":""ZRH"",""dataCalculationTime"":1747458000,""standardTime"":""2025-05-17T05:00:00+00:00"",""temperature"":9.06,""percentageOfClouds"":46,""windSpeed"":0.6,""windDirection"":114,""precipitation"":0.0,""snowmeasurement"":0.0,""weatherDescription"":""scattered clouds""}"
20250518,"{""ts"":""2025-05-18T00:36:03.394288200Z"",""ss"":""OpenWeatherMapFeeder"",""city"":""ZRH"",""dataCalculationTime"":1747461600,""standardTime"":""2025-05-17T06:00:00+00:00"",""temperature"":11.74,""percentageOfClouds"":39,""windSpeed"":0.26,""windDirection"":77,""precipitation"":0.0,""snowmeasurement"":0.0,""weatherDescription"":""scattered clouds""}"
20250518,"{""ts"":""2025-05-18T00:36:03.394288200Z"",""ss"":""OpenWeatherMapFeeder"",""city"":""ZRH"",""dataCalculationTime"":1747465200,""standardTime"":""2025-05-17T07:00:00+00:00"",""temperature"":14.16,""percentageOfClouds"":6,""windSpeed"":0.48,""windDirection"":336,""precipitation"":0.0,""snowmeasurement"":0.0,""weatherDescription"":""clear sky""}"
20250518,"{""ts"":""2025-05-18T00:36:03.394288200Z"",""ss"":""OpenWeatherMapFeeder"",""city"":""ZRH"",""dataCalculationTime"":1747468800,""standardTime"":""2025-05-17T08:00:00+00:00"",""temperature"":15.42,""percentageOfClouds"":3,""windSpeed"":0.89,""windDirection"":21,""precipitation"":0.0,""snowmeasurement"":0.0,""weatherDescription"":""clear sky""}"
20250518,"{""ts"":""2025-05-18T00:36:03.395291Z"",""ss"":""OpenWeatherMapFeeder"",""city"":""ZRH"",""dataCalculationTime"":1747472400,""standardTime"":""2025-05-17T09:00:00+00:00"",""temperature"":16.59,""percentageOfClouds"":4,""windSpeed"":2.24,""windDirection"":0,""precipitation"":0.0,""snowmeasurement"":0.0,""weatherDescription"":""clear sky""}"
20250518,"{""ts"":""2025-05-18T00:36:03.395291Z"",""ss"":""OpenWeatherMapFeeder"",""city"":""ZRH"",""dataCalculationTime"":1747476000,""standardTime"":""2025-05-17T10:00:00+00:00"",""temperature"":17.03,""percentageOfClouds"":4,""windSpeed"":8.49,""windDirection"":0,""precipitation"":0.0,""snowmeasurement"":0.0,""weatherDescription"":""clear sky""}"
20250518,"{""ts"":""2025-05-18T00:36:03.395291Z"",""ss"":""OpenWeatherMapFeeder"",""city"":""ZRH"",""dataCalculationTime"":1747479600,""standardTime"":""2025-05-17T11:00:00+00:00"",""temperature"":17.53,""percentageOfClouds"":3,""windSpeed"":0.45,""windDirection"":159,""precipitation"":0.0,""snowmeasurement"":0.0,""weatherDescription"":""clear sky""}"
20250518,"{""ts"":""2025-05-18T00:36:03.395291Z"",""ss"":""OpenWeatherMapFeeder"",""city"":""ZRH"",""dataCalculationTime"":1747483200,""standardTime"":""2025-05-17T12:00:00+00:00"",""temperature"":18.75,""percentageOfClouds"":6,""windSpeed"":6.26,""windDirection"":0,""precipitation"":0.0,""snowmeasurement"":0.0,""weatherDescription"":""clear sky""}"
20250518,"{""ts"":""2025-05-18T00:36:03.395291Z"",""ss"":""OpenWeatherMapFeeder"",""city"":""ZRH"",""dataCalculationTime"":1747486800,""standardTime"":""2025-05-17T13:00:00+00:00"",""temperature"":17.92,""percentageOfClouds"":87,""windSpeed"":4.02,""windDirection"":0,""precipitation"":0.0,""snowmeasurement"":0.0,""weatherDescription"":""overcast clouds""}"
20250518,"{""ts"":""2025-05-18T00:36:03.395291Z"",""ss"":""OpenWeatherMapFeeder"",""city"":""ZRH"",""dataCalculationTime"":1747490400,""standardTime"":""2025-05-17T14:00:00+00:00"",""temperature"":18.02,""percentageOfClouds"":91,""windSpeed"":1.34,""windDirection"":0,""precipitation"":0.0,""snowmeasurement"":0.0,""weatherDescription"":""overcast clouds""}"
20250518,"{""ts"":""2025-05-18T00:36:03.395291Z"",""ss"":""OpenWeatherMapFeeder"",""city"":""ZRH"",""dataCalculationTime"":1747494000,""standardTime"":""2025-05-17T15:00:00+00:00"",""temperature"":18.52,""percentageOfClouds"":71,""windSpeed"":1.34,""windDirection"":347,""precipitation"":0.0,""snowmeasurement"":0.0,""weatherDescription"":""broken clouds""}"
20250518,"{""ts"":""2025-05-18T00:36:03.395291Z"",""ss"":""OpenWeatherMapFeeder"",""city"":""ZRH"",""dataCalculationTime"":1747497600,""standardTime"":""2025-05-17T16:00:00+00:00"",""temperature"":19.14,""percentageOfClouds"":67,""windSpeed"":5.08,""windDirection"":337,""precipitation"":0.0,""snowmeasurement"":0.0,""weatherDescription"":""broken clouds""}"
20250518,"{""ts"":""2025-05-18T00:36:03.395291Z"",""ss"":""OpenWeatherMapFeeder"",""city"":""ZRH"",""dataCalculationTime"":1747501200,""standardTime"":""2025-05-17T17:00:00+00:00"",""temperature"":18.12,""percentageOfClouds"":60,""windSpeed"":0.45,""windDirection"":99,""precipitation"":0.0,""snowmeasurement"":0.0,""weatherDescription"":""broken clouds""}"
20250518,"{""ts"":""2025-05-18T00:36:03.395291Z"",""ss"":""OpenWeatherMapFeeder"",""city"":""ZRH"",""dataCalculationTime"":1747504800,""standardTime"":""2025-05-17T18:00:00+00:00"",""temperature"":16.31,""percentageOfClouds"":55,""windSpeed"":0.89,""windDirection"":153,""precipitation"":0.0,""snowmeasurement"":0.0,""weatherDescription"":""broken clouds""}"
20250518,"{""ts"":""2025-05-18T00:36:03.395291Z"",""ss"":""OpenWeatherMapFeeder"",""city"":""ZRH"",""dataCalculationTime"":1747508400,""standardTime"":""2025-05-17T19:00:00+00:00"",""temperature"":12.94,""percentageOfClouds"":69,""windSpeed"":1.15,""windDirection"":343,""precipitation"":0.0,""snowmeasurement"":0.0,""weatherDescription"":""broken clouds""}"
20250518,"{""ts"":""2025-05-18T00:36:03.395291Z"",""ss"":""OpenWeatherMapFeeder"",""city"":""ZRH"",""dataCalculationTime"":1747512000,""standardTime"":""2025-05-17T20:00:00+00:00"",""temperature"":12.19,""percentageOfClouds"":76,""windSpeed"":0.9,""windDirection"":105,""precipitation"":0.0,""snowmeasurement"":0.0,""weatherDescription"":""broken clouds""}"
20250518,"{""ts"":""2025-05-18T00:36:03.395291Z"",""ss"":""OpenWeatherMapFeeder"",""city"":""ZRH"",""dataCalculationTime"":1747515600,""standardTime"":""2025-05-17T21:00:00+00:00"",""temperature"":11.64,""percentageOfClouds"":83,""windSpeed"":1.3,""windDirection"":154,""precipitation"":0.0,""snowmeasurement"":0.0,""weatherDescription"":""broken clouds""}"
20250518,"{""ts"":""2025-05-18T00:36:03.395291Z"",""ss"":""OpenWeatherMapFeeder"",""city"":""ZRH"",""dataCalculationTime"":1747519200,""standardTime"":""2025-05-17T22:00:00+00:00"",""temperature"":11.53,""percentageOfClouds"":88,""windSpeed"":1.03,""windDirection"":166,""precipitation"":0.0,""snowmeasurement"":0.0,""weatherDescription"":""overcast clouds""}"
20250518,"{""ts"":""2025-05-18T00:36:03.395291Z"",""ss"":""OpenWeatherMapFeeder"",""city"":""ZRH"",""dataCalculationTime"":1747522800,""standardTime"":""2025-05-17T23:00:00+00:00"",""temperature"":11.42,""percentageOfClouds"":90,""windSpeed"":0.46,""windDirection"":207,""precipitation"":0.0,""snowmeasurement"":0.0,""weatherDescription"":""overcast clouds""}"
